7522;Oferta de odontólogia;Descripción para el puesto en el Área de salud dental;6;9697971;2;0;1;Cargo de Odontólogo/a;2023-04-15;2024-11-14;70;6;11;13;15;636;3;937
5186;Oferta de Inspector de edificaciones;Descripción para el puesto en el Área de revisión, evaluación y supervisión de construcciones.;1;3146204;3;1;0;Cargo de Inspector de obras;2023-04-18;2024-02-23;66;3;4;24;11;598;2;807
8996;Oferta de Dietista nutricionista;Descripción para el puesto en el Área de nutrición, salud y bienestar.;8;5063809;5;1;0;Cargo de Nutricionista clínico;2023-11-16;2024-10-13;46;5;1;19;4;131;2;795
1281;Oferta de Diseñador textil;Descripción para el puesto en el Área de Coordinador de Diseño Textil.;3;3786553;1;1;1;Cargo de Diseñador textil;2023-10-28;2024-06-29;8;5;5;14;10;355;6;823
2589;Oferta de coordinador/a general;Descripción para el puesto en el Área de ingeniería INDUSTRIAL-DISEÑO INDUSTRIAL.;1;3183705;2;0;0;Cargo de Coordinador de proyectos industriales;2023-05-20;2024-10-01;13;6;7;28;14;174;2;12
9567;Oferta de Analista de datos;Descripción para el puesto en el Área de Representante De Servicio técnico In House RDS.;9;6241033;3;0;0;Cargo de Analista de datos;2023-12-15;2024-11-29;80;4;8;6;11;96;2;941
7998;Oferta de Abogado Corporativo.;Descripción para el puesto en el Área de abogado/a corporativo.;2;3757402;1;0;1;Cargo de Abogado corporativo;2023-04-11;2024-11-17;12;5;7;6;4;641;2;992
5656;Oferta de Asesor servicio al cliente;Descripción para el puesto en el Área de atención y resolución de consultas de clientes.;9;1727941;5;0;0;Cargo de Asesor de servicio al cliente;2023-04-19;2024-12-20;19;4;5;15;13;246;3;401
2634;Oferta de Analista de negocios TI;Descripción para el puesto en el Área de desarrollo de Software.;1;4735096;2;1;1;Cargo de Analista de negocios TI;2023-04-14;2024-12-31;32;4;11;11;6;736;5;734
8616;Oferta de Analista de sistemas de INFORMACIÓN;Descripción para el puesto en el Área de análisis y optimización de sistemas, gestión de bases de datos y soporte técnico.;10;3948078;1;0;1;Cargo de Analista de sistemas;2023-12-17;2024-10-12;8;4;4;17;10;151;1;196
9891;Oferta de asistente/a de comunicación;Descripción para el puesto en el Área de apoyo en comunicación interna y externa, redacción de contenido.;3;4783954;2;1;1;Cargo de Asistente de comunicación;2023-08-05;2024-01-28;48;5;2;15;8;393;3;334
2530;Oferta de Representante;Descripción para el puesto en el Área de atención y asesoría a clientes, gestión de ventas.;10;8652700;3;0;0;Cargo de Representante de ventas;2023-02-11;2024-05-30;29;7;1;24;11;223;2;668
2440;Oferta de técnicos en construcción y Arquitectura;Descripción para el puesto en el Área de ejecución y supervisión de proyectos de construcción.;4;1694937;2;0;1;Cargo de Técnico en construcción;2023-07-29;2024-01-09;55;6;1;20;4;256;3;477
7727;Oferta de técnico/a quimico;Descripción para el puesto en el Área de realización de análisis químicos, pruebas de calidad y apoyo en procesos de investigación.;0;7366829;4;0;0;Cargo de Técnico/a químico;2023-06-08;2024-06-21;37;7;6;2;8;297;2;704
2614;Oferta de Administrador punto de venta;Descripción para el puesto en el Área de gestión operativa del punto de venta, supervisión de inventarios, atención al cliente y control de ventas.;6;1088371;5;1;1;Cargo de Administrador de punto de venta;2023-10-20;2024-01-05;61;5;8;15;3;111;3;677
6219;Oferta de Cunero de pozos de petroleo;Descripción para el puesto en el Área de operación y mantenimiento de equipos de perforación de pozos petroleros, asegurando el correcto funcionamiento de los procesos de extracción.;4;7038122;3;1;1;Cargo de Operador de perforación;2023-09-26;2024-07-30;17;1;1;3;3;163;5;739
4949;Oferta de comunicación SOCIAL-ingenieria INDUSTRIAL;Descripción para el puesto en el Área de gestión de la comunicación interna y externa en el ámbito industrial, desarrollo de contenidos y coordinación de relaciones públicas para el sector industrial.;9;9499508;1;1;1;Cargo de Coordinador de comunicación industrial;2023-02-19;2024-08-19;11;4;7;9;2;33;2;85
5255;Oferta de desarrollador .net;Descripción para el puesto en el Área de mantenimiento de aplicaciones y sistemas utilizando tecnología .NET, asegurando la eficiencia y calidad del software en la empresa.;4;2325991;1;0;1;Cargo de Desarrollador .NET;2023-07-21;2024-04-03;31;5;5;28;8;611;2;847
5077;Oferta de visitador/a;Descripción para el puesto en el Área de atención a clientes y ventas, realizando visitas para asesoramiento, seguimiento y promoción de productos o servicios.;9;8258670;3;1;1;Cargo de Visitador/a comercial;2023-12-21;2024-02-07;76;1;11;21;11;34;3;155
6977;Oferta de Economia-Matemáticas;Descripción para el puesto en el Área de análisis económico y matemático, optimizando procesos financieros y apoyando en la toma de decisiones estratégicas.;8;4076682;2;1;0;Cargo de Analista económico;2023-11-07;2024-04-24;43;1;1;32;14;362;1;941
7632;Oferta de PUBLICIDAD;Descripción para el puesto en el Área de desarrollo de estrategias publicitarias y comunicación.;5;5308932;2;0;0;Cargo de Especialista en Publicidad;2023-02-01;2024-05-25;19;2;11;28;8;316;2;83
8151;Oferta de mecánico industrial;Descripción para el puesto en el Área de mantenimiento y reparación de maquinaria industrial, asegurando su funcionamiento óptimo y reduciendo tiempos de inactividad.;7;7087343;1;0;0;Cargo de Mecánico Industrial;2023-09-13;2024-07-06;69;4;1;2;12;527;2;383
9286;Oferta de ALISTADOR;Descripción para el puesto en el Área de preparación y organización de materiales para la producción o distribución.;6;8314666;4;0;1;Cargo de Alistador de materiales;2023-04-04;2024-04-13;17;2;2;2;14;745;2;554
9831;Oferta de administrativo/a de obra;Descripción para el puesto en el Área de gestión administrativa en proyectos de construcción, controlando recursos y presupuestos.;10;7431569;3;1;0;Cargo de Administrador de obra;2023-07-04;2024-08-25;53;1;1;16;9;3;2;975
2033;Oferta de Zootecnista;Descripción para el puesto en el Área de manejo de animales en el sector ganadero, optimizando la producción.;3;3545685;5;1;0;Cargo de Zootecnista;2023-12-22;2024-07-09;49;4;8;4;8;100;4;912
2358;Oferta de médico/a veterinario zootecnista;Descripción para el puesto en el Área de atención médica y preventiva en animales, gestionando su salud y producción.;7;5473052;2;0;0;Cargo de Médico Veterinario Zootecnista;2023-07-04;2024-05-14;80;3;5;19;4;67;2;39
6600;Oferta de coordinador/a de logistica;Descripción para el puesto en el Área de coordinación de la cadena de suministro, asegurando transporte y distribución eficiente.;2;9314256;4;0;0;Cargo de Coordinador de Logística;2023-12-29;2024-06-11;16;4;8;3;10;405;5;144
4908;Oferta de analista de tráfico;Descripción para el puesto en el Área de monitoreo, analista y optimizador de flujo de tráfico en las operaciones de transporte.;4;9860897;4;1;1;Cargo de Analista de Tráfico;2023-06-17;2024-08-27;72;4;4;7;3;388;3;998
8758;Oferta de chef de cuisine;Descripción para el puesto en el Área de supervisor y direccion de todas las actividades en la cocina.;7;7613222;5;1;1;Cargo de Chef de Cocina;2023-02-13;2024-05-16;5;7;5;15;12;311;3;686
4990;Oferta de Profesor de inglés;Descripción para el puesto en el Área de enseñaza y aprendizaje del idioma inglés.;6;7675617;1;0;0;Cargo de Profesor de Inglés;2023-12-04;2024-08-19;42;5;6;15;11;557;3;210
3417;Oferta de Jefe de obra de construcción;Descripción para el puesto en el Área de coordinar y supervisar todas las actividades en el sitio de construcción.;10;3390235;3;0;0;Cargo de Jefe de Obra;2023-01-13;2024-08-11;13;2;8;27;8;147;2;207
4669;Oferta de Administración DE EMPRESAS-Administración DE NEGOCIOS INTERNACIONALES-ingenieria INDUSTRIAL;Descripción para el puesto en el Área de gestion y optimizacion de los procesos administrativos y operativos dentro de la empresa.;0;7042352;5;0;0;Cargo de Ingeniero de Proyectos;2023-05-31;2024-11-28;27;1;11;16;7;265;2;165
2648;Oferta de Decano de universidad;Descripción para el puesto en el Área de liderazgo académico y administrativo, gestionando la estrategia educativa y los procesos organizacionales de la universidad.;4;5391159;4;1;0;Cargo de Decano de Universidad;2023-08-06;2024-02-25;1;2;2;16;8;169;2;941
4483;Oferta de coordinador/a de mercadeo;Descripción para el puesto en el Área de desarrollo de estrategias de marketing, coordinando campañas y análisis de mercado.;8;2237356;4;0;1;Cargo de Coordinador de Marketing;2023-06-15;2024-04-25;83;5;6;13;2;738;3;215
5434;Oferta de docente de pedagogia;Descripción para el puesto en el Área de enseñanza, impartiendo clases y desarrollando materiales pedagógicos para estudiantes.;1;5650841;4;0;0;Cargo de Docente de Pedagogía;2023-11-07;2024-01-30;71;2;4;20;3;515;3;498
4564;Oferta de comunicación AUDIOVISUAL Y MULTIMEDIOS;Descripción para el puesto en el Área de creación de contenido audiovisual para proyectos técnicos.;3;9074112;5;1;0;Cargo de Comunicador Audiovisual;2023-11-08;2024-06-01;3;3;6;4;10;521;4;886
8662;Oferta de HISTORIA-CIENCIA DE LA INFORMACIÓN, BIBLIOTECOLOGiA Y ARCHIVISTICA-ANTROPOLOGiA;Descripción para el puesto en el Área de edición y corrección de textos académicos.;5;1369331;3;0;0;Cargo de Profesor de Historia;2023-01-26;2024-01-12;50;6;8;33;3;238;5;991
6379;Oferta de Analista de investigación de operaciones;Descripción para el puesto en el Área de análisis de procesos y mejora de operaciones.;6;1548845;2;0;0;Cargo de Analista de Investigación de Operaciones;2023-05-15;2024-11-03;9;7;6;10;14;544;1;208
8364;Oferta de Administración de Empresas-Filosofia y Humanidades-Lenguas Modernas y Cultura-Filosofia y Humanidades-Lenguas Modernas y Cultura-Negocios Internacionales-Relaciones Internacionales;Descripción para el puesto en el Área de gestión de calidad en procesos empresariales.;10;1213624;3;1;1;Cargo de Especialista en Gestión de Calidad;2023-09-03;2024-12-20;64;5;3;30;8;622;2;975
7774;Oferta de Economia Y FINANZAS INTERNACIONALES-Administración DE EMPRESAS-ingenieria INDUSTRIAL;Descripción para el puesto en el Área de investigación histórica aplicada a lo económico y social.;2;4191341;3;0;0;Cargo de Especialista en Finanzas y Relaciones Internacionales;2023-08-23;2024-08-17;39;4;8;8;14;14;2;755
3257;Oferta de psicólogo/a de selección;Descripción para el puesto en el Área de selección de personal y evaluación psicológica.;4;2586411;5;1;0;Cargo de Psicólogo/a de Selección;2023-03-08;2024-07-06;51;2;2;23;1;36;6;956
6222;Oferta de IELE-IELC-ISIS-IMEC;Descripción para el puesto en el Área de prevención de riesgos laborales y seguridad.;2;1922342;5;0;1;Cargo de Especialista en Prevención de Riesgos Laborales;2023-09-11;2024-06-08;33;3;9;26;1;349;2;277
9390;Oferta de Ingeniero de procesamiento de aguas residuales;Descripción para el puesto en el Área de análisis químico en el tratamiento de aguas residuales.;3;1372507;1;1;0;Cargo de Ingeniero Químico en Tratamiento de Aguas;2023-11-12;2024-08-26;5;1;9;30;2;243;2;967
2883;Oferta de ANALISTA DE LICITACIONES;Descripción para el puesto en el Área de preparación y gestión de licitaciones y contratos.;5;6822595;1;0;1;Cargo de Analista de Licitaciones;2023-01-12;2024-01-24;33;7;10;2;4;587;2;690
9693;Oferta de administrativo compras;Descripción para el puesto en el Área de gestión de compras y adquisiciones.;0;7726370;3;1;0;Cargo de Administrador de Compras;2023-11-26;2024-07-16;77;4;8;13;7;386;3;163
5796;Oferta de analista de almacén;Descripción para el puesto en el Área de gestión de inventarios y logística.;7;6772191;4;1;1;Cargo de Analista de Inventarios;2023-07-18;2024-07-15;37;7;7;17;4;183;1;183
4852;Oferta de Administración DE EMPRESAS-FINANZAS Y RELACIONES INTERNACIONALES;Descripción para el puesto en el Área de supervisión de proyectos de construcción.;5;5151067;4;0;0;Cargo de Coordinador de Proyectos de Construcción;2023-02-16;2024-07-27;2;4;11;28;12;576;2;615
5112;Oferta de asesor académico;Descripción para el puesto en el Área de orientación académica a estudiantes.;5;2454778;4;0;0;Cargo de Asesor Académico;2023-08-11;2024-12-05;9;6;2;28;13;584;2;75
3795;Oferta de comercial;Descripción para el puesto en el Área de gestión de relaciones comerciales y ventas.;1;8914231;3;1;0;Cargo de Ejecutivo Comercial;2023-12-25;2024-04-10;78;2;7;21;2;490;3;181
6874;Oferta de CONSULTOR DE DATA SCIENCE;Descripción para el puesto en el Área de recopilación, limpieza y procesamiento de datos, el desarrollo de modelos predictivos y la identificación de patrones y tendencias clave;0;5675998;2;1;1;Cargo de Consultor de Data Science;2023-07-27;2024-09-20;24;1;10;29;4;105;3;312
8303;Oferta de residente de construcción;Descripción para el puesto en el Área de supervisar y coordinar las actividades diarias en el sitio de obra.;4;3326697;5;1;1;Cargo de Residente de Construcción;2023-07-08;2024-06-03;10;5;11;33;4;654;5;115
8566;Oferta de tallerista;Descripción para el puesto en el Área de diseñar, coordinar y ejecutar talleres enfocados en la enseñanza de habilidades específicas, fomentando el aprendizaje activo y la participación de los asistentes.;5;6626830;3;1;0;Cargo de Tallerista Educativo;2023-05-17;2024-10-21;66;3;5;7;9;437;3;76
4656;Oferta de Oncólogo;Descripción para el puesto en el Área de diagnosticar, tratar y gestionar a pacientes con cáncer, utilizando una variedad de enfoques médicos y terapéuticos, incluyendo quimioterapia, radioterapia y cirugía, según sea necesario.;2;7717424;1;0;1;Cargo de Oncólogo/a;2023-11-04;2024-03-29;80;7;4;1;7;303;1;957
9236;Oferta de lider de proyectos;Descripción para el puesto en el Área de planifición, coordinación y supervisión de proyectos dentro de la organización, asegurando que se cumplan los plazos, presupuestos y objetivos establecidos.;1;3938531;2;1;1;Cargo de Líder de Proyectos;2023-12-14;2024-04-08;63;5;8;28;11;196;2;437
7226;Oferta de Administración de Empresas-ingenieria Industrial;Descripción para el puesto en el Área de gestión y optimización de procesos operativos, financieros y administrativos de la organización.;2;8160363;2;1;0;Cargo de Especialista en Negocios Internacionales;2023-05-23;2024-01-20;7;3;8;17;7;594;1;60
8040;Oferta de técnico/a de soporte;Descripción para el puesto en el Área de asistencia técnica a usuarios, ya sea de manera remota o en persona, resolviendo problemas relacionados con hardware, software, redes y sistemas informáticos.;6;1580040;3;0;0;Cargo de Técnico/a de Soporte Informático;2023-03-20;2024-08-16;18;2;9;6;1;497;2;883
7098;Oferta de analista de laboratorio;Descripción para el puesto en el Área de análisis de muestras, interpretación de resultados y asegurar la precisión y confiabilidad de los datos obtenidos en el laboratorio.;2;6135605;5;0;0;Cargo de Analista de Laboratorio;2023-03-30;2024-01-06;62;6;8;25;14;380;1;129
5468;Oferta de Gerente de manufactura;Descripción para el puesto en el Área de supervición y dirección de las operaciones de producción en la planta, asegurando que los productos se fabriquen de acuerdo con los estándares de calidad, plazos y costos establecidos.;8;2686646;2;0;0;Cargo de Gerente de Manufactura;2023-01-05;2024-07-20;72;6;9;3;7;188;5;978
3225;Oferta de GOBIERNO Y RELACIONES INTERNACIONALES-Administración DE EMPRESAS-FINANZAS Y RELACIONES INTERNACIONALES;Descripción para el puesto en el Área de gestión y fomentación relaciones diplomáticas y comerciales a nivel nacional e internacional, representando a la organización en diversos foros y negociaciones.;3;6195076;4;1;1;Cargo de Diplomático de Relaciones Internacionales;2023-06-09;2024-02-27;5;1;10;7;5;725;3;439
7439;Oferta de Arquitecto de bases de datos;Descripción para el puesto en el Área de diseño, implementación y mantenimiento de estructuras de bases de datos eficientes y escalables que soporten las operaciones de la organización.;2;6215637;5;0;0;Cargo de Arquitecto/a de Bases de Datos;2023-11-29;2024-12-08;79;3;1;33;2;683;5;725
9499;Oferta de ingenieria INFORMATICA-ingenieria Mecánica;Descripción para el puesto en el Área de desarrollo y gestión de soluciones tecnológicas integradas que optimicen los procesos mecánicos y operativos dentro de la organización.;1;3051399;2;1;1;Cargo de Ingeniero/a en Soluciones Tecnológicas Integradas;2023-02-15;2024-05-12;55;7;5;4;15;111;4;582
7062;Oferta de Supernumerario;Descripción para el puesto en el Área de realización de tareas administrativas, logísticas o de soporte en áreas específicas;4;2929783;1;1;1;Cargo de Asistente Administrativo/a;2023-04-27;2024-08-04;59;1;5;13;13;439;3;241
4996;Oferta de Webmaster;Descripción para el puesto en el Área de gestión, mantenimiento y actualización de los sitios web de la organización.;2;9110320;2;1;1;Cargo de Webmaster;2023-09-24;2024-04-03;35;3;9;4;13;650;4;52
2945;Oferta de Ejecutivo;Descripción para el puesto en el Área de gestión y desarrollo de relaciones comerciales con clientes, asegurando la satisfacción y fidelización de los mismos.;8;5275310;5;0;1;Cargo de Ejecutivo/a Comercial;2023-08-28;2024-04-11;71;1;6;23;6;277;6;906
2131;Oferta de mecánico/a de mantenimiento;Descripción para el puesto en el Área de mantenimiento y reparación de maquinaria y equipos industriales.;2;2465301;3;0;0;Cargo de Mecánico/a de Mantenimiento Industrial;2023-03-02;2024-06-06;19;6;8;29;4;595;3;363
1606;Oferta de Bombero;Descripción para el puesto en el Área de atención de emergencias y rescates.;0;5803029;3;1;1;Cargo de Bombero/a;2023-10-05;2024-12-29;25;3;6;1;12;332;1;214
8437;Oferta de analista de datos;Descripción para el puesto en el Área de análisis y gestión de datos para toma de decisiones.;5;1286595;4;1;1;Cargo de Analista de Datos;2023-03-17;2024-06-12;81;7;8;16;12;426;2;164
7068;Oferta de representante de atención al cliente;Descripción para el puesto en el Área de atención y solución de problemas a clientes.;9;1221638;2;0;1;Cargo de Representante de Atención al Cliente;2023-08-03;2024-03-02;16;5;2;22;12;287;5;73
9161;Oferta de técnico;Descripción para el puesto en el Área de soporte y mantenimiento de sistemas tecnológicos.;4;4835752;3;0;1;Cargo de Técnico/a en Soporte Tecnológico;2023-06-19;2024-06-30;41;4;3;2;13;332;2;800
1634;Oferta de ingenieria Eléctrica, ingenieria Mecánica, ingenieria ElectroMecánica;Descripción para el puesto en el Área de desarrollo y mantenimiento de sistemas eléctricos y mecánicos.;2;8273571;3;0;1;Cargo de Ingeniero/a Eléctrico/Mecánico;2023-05-17;2024-02-17;19;1;11;10;12;501;1;286
6207;Oferta de FINANZAS Y RELACIONES INTERNACIONALES-Administración DE EMPRESAS-Economia;Descripción para el puesto en el Área de control de cuentas por pagar y análisis financiero.;3;8973709;3;0;1;Cargo de Analista Financiero;2023-09-17;2024-05-18;56;2;5;13;3;241;3;967
5322;Oferta de Veterinario;Descripción para el puesto en el Área de control de calidad en productos y servicios veterinarios.;5;6377463;2;1;1;Cargo de Veterinario/a;2023-01-27;2024-05-05;68;2;5;20;14;3;3;894
5544;Oferta de Médico deportologo;Descripción para el puesto en el Área de atención médica especializada en deportes y lesiones.;0;1021371;4;1;1;Cargo de Médico/a Deportólogo/a;2023-08-29;2024-05-30;7;2;3;16;12;321;2;537
9379;Oferta de Capataz;Descripción para el puesto en el Área de supervisión de trabajos de construcción y equipos.;1;9950955;2;1;1;Cargo de Capataz de Construcción;2023-04-05;2024-07-16;32;4;11;7;8;152;3;415
7733;Oferta de fonoaudiólogo/a;Descripción para el puesto en el Área de diagnóstico y tratamiento de problemas de audición y voz.;10;3340992;1;0;0;Cargo de Fonoaudiólogo/a;2023-06-05;2024-09-14;76;2;10;24;5;303;2;964
2903;Oferta de Auxiliar de seguros;Descripción para el puesto en el Área de apoyo en la gestión de seguros y trámites administrativos.;8;1605329;3;0;0;Cargo de Auxiliar de Seguros;2023-03-14;2024-02-24;19;5;4;29;11;62;3;192
3086;Oferta de Profesional en ciencias administrativas, ingenierias, Médicas y/o Farmacéuticas;Descripción para el puesto en el Área de procesos de selección y apoyo psicológico organizacional.;9;2115119;5;0;1;Cargo de Psicólogo/a Organizacional;2023-06-09;2024-05-16;73;2;8;24;12;292;2;113
5277;Oferta de ingenieria INDUSTRIAL-Administración DE MERCADEO Y logistica INTERNACIONALES-Administración Y SERVICIO;Descripción para el puesto en el Área de manejo de operaciones logísticas en el sector hidrocarburos.;4;7056784;1;1;1;Cargo de Coordinador/a de Operaciones Logísticas;2023-03-23;2024-08-11;22;4;10;33;1;394;5;322
3591;Oferta de Nutricionista;Descripción para el puesto en el Área de control de calidad de servicios alimentarios.;3;6180493;5;0;0;Cargo de Nutricionista;2023-03-30;2024-10-17;43;4;1;1;10;168;1;867
2343;Oferta de promotor/a de seguros;Descripción para el puesto en el Área de ventas de seguros y captación de clientes.;4;5633908;1;0;1;Cargo de Promotor/a de Seguros;2023-11-17;2024-01-28;35;1;2;31;13;24;6;837
9301;Oferta de Coordinador/a de Ventas;Descripción para el puesto en el Área de gestión y coordinación de equipos de ventas, supervisando resultados y estrategia comercial.;6;5271272;1;1;0;Cargo de Coordinador/a de Ventas;2023-09-24;2024-05-03;56;2;6;3;11;372;5;885
9157;Oferta de director/a de producción;Descripción para el puesto en el Área de supervisión de procesos productivos y calidad.;0;9568779;5;0;1;Cargo de Director/a de Producción;2023-10-13;2024-05-31;48;1;3;28;5;711;2;614
3913;Oferta de auxiliar de tesoreria;Descripción para el puesto en el Área de apoyo en pagos, cobros y gestión financiera.;8;8577975;5;1;0;Cargo de Auxiliar de Tesorería;2023-12-05;2024-05-19;31;1;5;15;6;307;3;185
4977;Oferta de Programador analista;Descripción para el puesto en el Área de programación y análisis de sistemas tecnológicos.;10;4316234;3;1;0;Cargo de Programador/a Analista;2023-06-04;2024-08-06;68;5;7;16;14;468;2;153
6608;Oferta de Ingeniero mecánico de aire acondicionado;Descripción para el puesto en el Área de diseño y mantenimiento de sistemas de aire acondicionado.;8;9092722;3;1;1;Cargo de Ingeniero/a Mecánico/a en Aire Acondicionado;2023-03-29;2024-03-29;75;4;9;17;1;46;1;771
1127;Oferta de ingenieria Quimica- ingenieria Mecánica- ingenieria Electrónica- Ingenieria Eléctrica- ingenieria Civil- ingenieria Industrial o afines;Descripción para el puesto en el Área de diseño, desarrollo y optimización de procesos industriales y sistemas técnicos.;4;1600274;2;1;1;Cargo de Ingeniero/a de Procesos Industriales;2023-05-24;2024-09-23;56;7;2;5;4;29;3;983
7402;Oferta de Radiólogo;Descripción para el puesto en el Área de diagnóstico por radiología y análisis de imágenes.;0;1751259;2;1;0;Cargo de Radiólogo/a;2023-12-15;2024-01-06;46;7;1;17;2;492;1;115
5003;Oferta de Gerontólogo;Descripción para el puesto en el Área de gestión y atención a adultos mayores.;7;9089686;1;0;1;Cargo de Gerontólogo/a;2023-01-20;2024-05-26;56;1;4;22;7;196;5;258
8486;Oferta de Profesionales de las ciencias politicas;Descripción para el puesto en el Área de mantenimiento y supervisión de equipos industriales.;10;1504900;5;1;0;Cargo de Profesional en Ciencias Políticas;2023-09-30;2024-01-21;70;2;11;7;5;180;3;554
3811;Oferta de Instructor de bioseguridad;Descripción para el puesto en el Área de capacitación en normas y procedimientos de bioseguridad en entornos laborales.;7;9722967;2;0;1;Cargo de Instructor/a de Bioseguridad;2023-07-30;2024-01-31;52;5;7;13;1;81;3;359
5087;Oferta de psicólogo clinico;Descripción para el puesto en el Área de atención psicológica y terapias clínicas para pacientes.;4;2382024;3;0;1;Cargo de Psicólogo/a Clínico/a;2023-06-13;2024-03-24;29;4;3;22;11;125;5;237
9325;Oferta de gerente de contabilidad;Descripción para el puesto en el Área de supervisión de procesos contables y manejo de estados financieros.;7;9570054;4;0;1;Cargo de Gerente de Contabilidad;2023-05-15;2024-08-25;80;7;11;8;13;615;2;424
5312;Oferta de Operario producción;Descripción para el puesto en el Área de ejecución de tareas en la línea de producción, garantizando calidad y eficiencia.;10;8461920;5;1;1;Cargo de Operario/a de Producción;2023-07-04;2024-01-04;44;2;1;12;5;188;6;484
1668;Oferta de business development manager;Descripción para el puesto en el Área de desarrollo de nuevos negocios y expansión de la cartera de clientes.;10;5649529;3;1;1;Cargo de Business Development Manager;2023-01-27;2024-09-24;81;7;10;27;11;211;2;228
7674;Oferta de coordinador/a de mesa;Descripción para el puesto en el Área de gestión y coordinación de operaciones en mesa de trabajo.;0;8113428;2;1;0;Cargo de Coordinador/a de Mesa de Trabajo;2023-04-11;2024-05-14;55;6;4;23;15;446;6;324
2943;Oferta de Preventista;Descripción para el puesto en el Área de ventas directas, promoción y distribución de productos en el mercado.;4;9263293;5;0;0;Cargo de Preventista;2023-10-01;2024-04-30;32;1;10;2;1;179;2;982
5489;Oferta de asistente/a de inventarios;Descripción para el puesto en el Área de control y gestión de inventarios, asegurando la correcta organización de productos.;3;1382734;1;1;1;Cargo de Asistente de Inventarios;2023-02-24;2024-08-27;50;4;10;28;8;389;2;907
6609;Oferta de evaluador/a;Descripción para el puesto en el Área de evaluación y análisis de procesos, asegurando calidad y eficiencia.;7;4257398;5;0;0;Cargo de Evaluador/a de Procesos;2023-09-14;2024-12-25;46;3;9;12;10;45;6;745
2824;Oferta de ingeniero metalúrgico;Descripción para el puesto en el Área de control y optimización de procesos metalúrgicos y de fabricación.;10;5804390;4;0;0;Cargo de Ingeniero/a Metalúrgico/a;2023-12-29;2024-03-19;68;7;10;5;13;497;3;446
1041;Oferta de Analista de Operaciones Financieras;Descripción para el puesto en el Área de análisis y monitoreo de operaciones financieras y estrategias de inversión.;8;7352543;5;0;0;Cargo de Analista de Operaciones Financieras;2023-06-15;2024-12-19;72;2;10;7;14;436;3;219
4634;Oferta de Geólogo de mineria;Descripción para el puesto en el Área de exploración geológica para proyectos de minería y recursos naturales.;7;4233611;5;1;0;Cargo de Geólogo/a de Minería;2023-11-06;2024-03-06;68;4;2;8;6;558;2;210
7241;Oferta de Desarrollador;Descripción para el puesto en el Área de desarrollo de software y aplicaciones en diversas plataformas.;4;5450954;5;1;1;Cargo de Desarrollador/a de Software;2023-10-31;2024-05-14;68;7;6;18;10;127;1;793
9670;Oferta de  Diseñador industrial;Descripción para el puesto en el Área de diseño de productos industriales, asegurando funcionalidad y estética.;6;3958520;2;0;0;Cargo de Diseñador/a Industrial;2023-03-30;2024-07-10;54;5;11;21;2;532;3;607
6332;Oferta de Community Manager;Descripción para el puesto en el Área de gestión y monitoreo de redes sociales y comunidades digitales.;5;8669742;1;0;1;Cargo de Community Manager;2023-05-10;2024-11-04;22;5;7;15;1;558;3;544
1791;Oferta de  Diseñador/a;Descripción para el puesto en el Área de diseño gráfico y creación de materiales visuales y promocionales.;4;8851183;3;0;0;Cargo de Diseñador/a Gráfico;2023-11-26;2024-10-16;8;4;5;19;6;430;2;271
1949;Oferta de Administración de Empresas-ingenieria Industrial;Descripción para el puesto en el Área de gestión administrativa y operativa en proyectos industriales.;10;1853994;2;0;0;Cargo de Coordinador/a de Operaciones Administrativas;2023-10-05;2024-08-14;32;3;3;9;12;156;2;926
6166;Oferta de lider de ventas;Descripción para el puesto en el Área de gestión de equipo de ventas y planificación de estrategias comerciales.;5;7681293;2;1;0;Cargo de Líder de Ventas;2023-02-14;2024-08-11;83;6;4;19;12;47;2;780
5220;Oferta de Coordinador/a de Calidad;Descripción para el puesto en el Área de supervisión y control de procesos de calidad, asegurando el cumplimiento de estándares.;0;8796858;4;0;0;Cargo de Coordinador/a de Calidad;2023-09-15;2024-04-02;74;2;8;18;3;426;1;245
7034;Oferta de enlace administrativo;Descripción para el puesto en el Área de soporte administrativo y gestión de procesos judiciales y legales.;9;5671266;1;0;0;Cargo de Enlace Administrativo;2023-05-01;2024-12-10;64;1;2;13;6;135;3;9
1612;Oferta de gerente de mantenimiento;Descripción para el puesto en el Área de supervisión de mantenimiento preventivo y correctivo de equipos, con experiencia en ERP SAP.;9;6274178;1;1;1;Cargo de Gerente de Mantenimiento;2023-05-25;2024-04-15;77;7;3;33;12;355;5;479
4142;Oferta de Contador;Descripción para el puesto en el Área de Contaduría Pública-ingeniería INDUSTRIAL-Administración DE EMPRESAS.;5;1119758;3;0;1;Cargo de ingeniero arquitecto;2023-11-05;2024-12-28;81;7;8;17;15;241;6;364
6466;Oferta de Anfitrion de restaurante;Descripción para el puesto en el Área de Gerontólogo.;10;9437786;3;1;0;Cargo de Auxiliar de ingeniería;2023-01-22;2024-10-11;46;6;4;25;12;189;5;148
5432;Oferta de Instructor;Descripción para el puesto en el Área de Orientador.;1;7805506;2;1;1;Cargo de DISO-ADMI;2023-09-03;2024-01-27;78;7;10;27;12;431;3;966
2985;Oferta de comunicador organizacional;Descripción para el puesto en el Área de NADI-ADMI-DISO.;5;7675232;4;1;0;Cargo de técnico/a en  refrigeración;2023-03-04;2024-09-10;17;7;10;20;2;84;1;19
7986;Oferta de ECON;Descripción para el puesto en el Área de Antropólogo.;6;8221065;2;0;0;Cargo de gerente de impuestos;2023-06-23;2024-03-15;10;5;8;21;2;362;3;950
2916;Oferta de lider de ventas;Descripción para el puesto en el Área de Mercaderistas e Impulsadores.;3;4057626;3;1;0;Cargo de creativo/a;2023-05-06;2024-01-23;59;7;6;8;3;286;1;647
4355;Oferta de ingenieria Mecanica y afines;Descripción para el puesto en el Área de ingeniería Mecánica-ingeniería INFORMATICA.;4;5995723;3;1;1;Cargo de agente comercial;2023-06-18;2024-12-26;60;4;3;27;6;606;4;297
5183;Oferta de administrador/a de sistemas;Descripción para el puesto en el Área de quality assurance.;9;5293914;4;1;0;Cargo de Instalador de tuberias de distribución de agua;2023-03-01;2024-12-13;75;4;4;15;13;436;5;312
3938;Oferta de CPOL-ECON-DERE-ANTR-GOBI;Descripción para el puesto en el Área de Doctorado.;1;9310380;1;1;0;Cargo de  GASTRONOMÍA;2023-03-02;2024-02-14;31;1;3;20;8;264;5;122
6464;Oferta de mecanico/a de mantenimiento;Descripción para el puesto en el Área de asistente operativo.;3;4232620;5;0;0;Cargo de jefe/a de bodega;2023-06-17;2024-01-12;23;2;10;19;15;606;6;114
5244;Oferta de Experto;Descripción para el puesto en el Área de MICR-IQUI-QUIM.;9;6963053;3;0;0;Cargo de ingeniería Química- ingeniería Mecánica- ingeniería Electrónica- Ingeniería Eléctrica- ingeniería Civil- ingeniería Industrial o afines;2023-09-22;2024-01-20;19;6;7;33;4;328;4;972
7110;Oferta de auxiliar de auditor;Descripción para el puesto en el Área de CONSULTOR DE DATA SCIENCE.;8;9035452;2;1;1;Cargo de Asistentes de Comercio Exterior;2023-07-09;2024-04-08;45;6;11;27;8;610;2;845
3855;Oferta de lider;Descripción para el puesto en el Área de Administración DE EMPRESAS-Economía Y FINANZAS INTERNACIONALES-Administración DE MERCADEO Y logística INTERNACIONALES-Administración DE NEGOCIOS INTERNACIONALES.;0;5816687;4;0;0;Cargo de asistente/a de caja;2023-04-20;2024-03-28;73;3;8;7;9;116;2;537
9159;Oferta de Marquetero;Descripción para el puesto en el Área de DISEÑO gráfico.;9;8726356;1;1;1;Cargo de DERECHO-CIENCIAS políticas-comunicación CORPORATIVA;2023-10-09;2024-08-17;62;7;3;2;13;502;1;118
7771;Oferta de jefe/a de tesoreria;Descripción para el puesto en el Área de jefe/a de tesorería.;7;5631854;4;0;1;Cargo de auxiliar de metalMecánica;2023-09-15;2024-01-20;39;6;3;19;3;561;2;273
8343;Oferta de Inspector de seguridad industrial;Descripción para el puesto en el Área de Contaduría Pública-ingeniería INDUSTRIAL-Administración DE EMPRESAS.;1;9671069;1;1;1;Cargo de Operador de tractor;2023-05-02;2024-11-14;3;4;3;11;12;388;2;319
5435;Oferta de psicologo general;Descripción para el puesto en el Área de Orientador.;0;1103679;5;1;1;Cargo de Operario de producción;2023-04-07;2024-07-12;30;5;8;16;11;51;2;692
9424;Oferta de Inspector;Descripción para el puesto en el Área de Ingeniero petrolero.;7;4257311;4;1;0;Cargo de líder;2023-09-06;2024-09-25;52;5;7;29;15;579;1;135
6393;Oferta de arquitecto/a de software;Descripción para el puesto en el Área de analista de base de datos.;10;4399856;5;1;1;Cargo de manager;2023-06-22;2024-03-15;61;7;9;27;12;191;1;390
1407;Oferta de Operario de mantenimiento de  maquinaria;Descripción para el puesto en el Área de Operario de servicios generales.;10;1722936;3;0;1;Cargo de auxiliar de  auditoría;2023-01-23;2024-08-09;14;1;3;30;14;42;6;652
5482;Oferta de jefe/a de cocina;Descripción para el puesto en el Área de Capitán  de meseros.;5;9042967;4;0;0;Cargo de ingeniería CIVIL-Administración DE MERCADEO Y logística INTERNACIONALES-comunicación SOCIAL Y PERIODISMO;2023-02-02;2024-10-09;43;4;10;12;3;525;1;560
1395;Oferta de technical support;Descripción para el puesto en el Área de asesor/a técnico.;1;1431413;3;1;1;Cargo de Operario de servicios generales;2023-04-29;2024-04-24;44;3;8;5;11;150;3;443
4984;Oferta de Gerente de servicios de alojamiento;Descripción para el puesto en el Área de administrador/a de propiedad horizontal.;0;2123036;3;0;0;Cargo de Operador de Man Lift - Bobcat  - Sector Hidrocarburos;2023-09-16;2024-09-15;62;7;8;5;13;116;3;448
5366;Oferta de jefe/a de contabilidad;Descripción para el puesto en el Área de jefe/a de Administración y finanzas.;7;1952651;5;0;0;Cargo de Operario de servicios generales;2023-09-07;2024-08-11;82;1;1;5;6;159;4;132
9090;Oferta de asistente/a de tesoreria;Descripción para el puesto en el Área de asistente/a contable.;10;3089959;5;1;1;Cargo de auxiliar de DISEÑO gráfico;2023-06-26;2024-11-07;64;5;5;15;3;386;1;980
6768;Oferta de Fontanero;Descripción para el puesto en el Área de Ingeniero sanitario.;5;1576483;4;1;1;Cargo de analista de reclutamiento;2023-02-06;2024-08-07;2;4;8;10;5;278;4;806
6573;Oferta de Entrenador de educacion fisica;Descripción para el puesto en el Área de jefe/a de tesorería.;1;5404100;4;1;0;Cargo de carpintero/a;2023-06-28;2024-12-12;23;1;5;12;12;304;5;430
3043;Oferta de Investigador;;9;8765992;4;1;1;Cargo de facturador/a;2023-07-20;2024-10-02;40;6;2;32;9;628;3;802
3264;Oferta de Jefe de compras;Descripción para el puesto en el Área de pasante de ingeniería.;7;2033621;4;0;1;Cargo de psicólogo de servicios sociales;2023-06-30;2024-07-28;72;4;4;18;13;47;5;284
5214;Oferta de Asistente de camara de cine y television;Descripción para el puesto en el Área de ASISTENTE DE producción.;5;9915587;4;1;0;Cargo de Inspector;2023-03-08;2024-02-07;55;6;3;29;9;706;4;963
7213;Oferta de ingenieria Electronica;Descripción para el puesto en el Área de DISEÑO gráfico.;10;9164968;2;1;0;Cargo de domiciliario/a;2023-11-06;2024-08-16;43;7;2;24;4;349;5;511
2833;Oferta de Agente de seguros;Descripción para el puesto en el Área de coordinador/a de mesa.;5;6287964;1;0;0;Cargo de Ingeniero de construcción Administración de obras civiles;2023-01-14;2024-05-15;6;6;10;2;5;374;2;762
2738;Oferta de IIND;Descripción para el puesto en el Área de NADI-ADMI-DISO.;3;5204279;2;1;0;Cargo de Encargado de spa;2023-12-08;2024-07-03;5;3;1;26;13;225;3;382
4170;Oferta de Desarrollador de aplicaciones  Computacionales en internet;Descripción para el puesto en el Área de administrador/a de propiedad horizontal.;10;9899438;5;1;0;Cargo de Operario producción;2023-06-25;2024-07-18;25;4;11;32;14;39;5;72
6566;Oferta de Ensamblador de aparatos electricos;Descripción para el puesto en el Área de consultor SAP.;8;6035193;3;1;0;Cargo de CPOL-ECON-DERE-ANTR-GOBI;2023-06-28;2024-02-16;70;6;1;2;14;552;1;625
4620;Oferta de auxiliar de calidad;Descripción para el puesto en el Área de auxiliar de sistemas.;8;2527150;4;0;0;Cargo de analista de comercio exterior;2023-12-17;2024-02-26;5;7;10;15;6;20;2;312
8897;Oferta de QA manager;Descripción para el puesto en el Área de quality assurance.;1;6253377;1;0;1;Cargo de Barman;2023-10-18;2024-11-27;71;2;7;13;6;499;6;267
1101;Oferta de Instalador de tuberias de distribucion de agua;Descripción para el puesto en el Área de Ingeniero sanitario.;1;5945391;1;0;1;Cargo de ejecutivo reclutamiento;2023-07-18;2024-07-11;20;5;3;11;9;428;4;429
7578;Oferta de Director general de institucion educativa;Descripción para el puesto en el Área de asistente/a contable.;1;4255101;2;0;1;Cargo de asistente comercial;2023-04-12;2024-09-13;22;1;3;27;14;699;5;913
2560;Oferta de LIC. educacion PREESCOLAR-LIC. educacion INFANTIL-LIC. educacion BÁSICA CON ENFASIS EN LENGUA CASTELLANA;Descripción para el puesto en el Área de CONSULTOR DE DATA SCIENCE.;8;1051426;5;1;1;Cargo de Analista de Operaciones Financieras;2023-10-07;2024-03-30;1;6;5;28;11;534;1;933
3427;Oferta de DISEÑO grafico;Descripción para el puesto en el Área de DISEÑO gráfico.;9;7815125;1;1;1;Cargo de Universitario;2023-12-23;2024-05-17;69;2;8;21;14;734;2;243
1185;Oferta de ECON-CONT-ADMI;Descripción para el puesto en el Área de Administración DE EMPRESAS-Economía Y FINANZAS INTERNACIONALES-Administración DE MERCADEO Y logística INTERNACIONALES-Administración DE NEGOCIOS INTERNACIONALES.;1;3785528;3;1;1;Cargo de Analista de  crédito;2023-05-08;2024-02-16;2;4;1;1;1;95;6;363
9378;Oferta de Supervisor de almacen;Descripción para el puesto en el Área de administrador/a de propiedad horizontal.;6;8657150;4;0;1;Cargo de asesor/a comercial inmobiliario;2023-02-15;2024-07-29;74;2;3;29;11;226;3;308
5462;Oferta de ingenieria INDUSTRIAL-Administracion DE EMPRESAS-Administracion DE MERCADEO Y logistica INTERNACIONALES-Administracion DE NEGOCIOS INTERNACIONALES;Descripción para el puesto en el Área de Contaduría Pública-ingeniería INDUSTRIAL-Administración DE EMPRESAS.;10;3479695;2;1;1;Cargo de profesor ciencias;2023-02-23;2024-08-31;8;5;1;33;11;646;1;729
3200;Oferta de Asistente administrativo;Descripción para el puesto en el Área de asistente operativo.;5;2211512;2;1;0;Cargo de asesor/a financiero;2023-05-21;2024-03-27;50;1;3;33;7;682;6;455
1122;Oferta de revisador/a;Descripción para el puesto en el Área de analista de base de datos.;0;5343482;2;0;1;Cargo de ingeniero alimentos;2023-07-23;2024-10-21;35;3;4;28;12;556;4;573
2711;Oferta de Ingeniero de obra;Descripción para el puesto en el Área de director/a de obra.;1;4761248;4;0;0;Cargo de  Diseñador  arquitectónico;2023-01-27;2024-08-30;44;5;5;28;14;720;1;868
9728;Oferta de ADMI-ECON;Descripción para el puesto en el Área de ADMI-IIND-ECON.;0;5278698;3;1;1;Cargo de Conductor de camión de reparto;2023-12-25;2024-05-01;41;2;11;21;11;630;6;653
2799;Oferta de Administracion de Empresas-Contaduria Publica-Economia-ingenieria Industrial-Negocios Internacionales;Descripción para el puesto en el Área de Administración DE EMPRESAS-Economía Y FINANZAS INTERNACIONALES-Administración DE MERCADEO Y logística INTERNACIONALES-Administración DE NEGOCIOS INTERNACIONALES.;9;8874300;4;1;1;Cargo de Contramaestre  - Sector Hidrocarburos;2023-08-13;2024-10-20;63;7;4;26;6;189;2;193
7952;Oferta de ejecutivo reclutamiento;Descripción para el puesto en el Área de ejecutivo reclutamiento.;9;5493799;4;1;1;Cargo de técnico de mantenimiento industrial;2023-10-18;2024-05-21;3;5;10;1;7;100;2;817
6116;Oferta de asistente operativo;Descripción para el puesto en el Área de Analista químico.;3;2162395;3;1;0;Cargo de  Profesional en ingeniería Industrial, Administración de Empresas, comunicación Social, PSICOLOGÍA, Economía o Derecho  Especializacion o  Maestría relacionada con el area;2023-04-11;2024-04-19;11;4;4;27;11;728;4;666
4837;Oferta de  auditoria interno;Descripción para el puesto en el Área de Economía-Administración DE EMPRESAS-Matemáticas-ingeniería DE SISTEMAS.;7;4481450;5;1;1;Cargo de Experiencia en manejo de ERP SAP Conocimiento teorico y técnico de las normas internacionales bajo IFRS ;2023-12-28;2024-11-24;17;3;6;5;15;327;6;377
3789;Oferta de ingenieria INDUSTRIAL-Administración DE MERCADEO Y logistica INTERNACIONALES-Administración Y SERVICIO;Descripción para el puesto en el Área de administrativo logística.;5;8506723;4;0;0;Cargo de asistente/a de personal;2023-07-18;2024-02-08;63;1;1;10;6;166;2;320
9470;Oferta de Supervisores de juegos de azar;Descripción para el puesto en el Área de operario/a de montacarga.;9;4275002;3;0;1;Cargo de Jefe de gestión humana;2023-02-16;2024-05-02;48;7;10;20;1;273;4;600
3725;Oferta de analista de aseguramiento de calidad;Descripción para el puesto en el Área de promotor/a de seguros.;4;6234963;5;0;1;Cargo de Ingeniero de metalurgia;2023-06-04;2024-10-30;82;7;7;8;8;322;1;609
5123;Oferta de ingeniero alimentos;Descripción para el puesto en el Área de GOBIERNO Y RELACIONES INTERNACIONALES-Administración DE EMPRESAS-FINANZAS Y RELACIONES INTERNACIONALES.;6;8609486;5;1;0;Cargo de sales support;2023-11-04;2024-06-02;4;2;8;21;12;457;6;937
4687;Oferta de DERECHO;Descripción para el puesto en el Área de pastelero/a.;0;8150128;3;0;1;Cargo de auxiliar de tesorería;2023-07-23;2024-10-01;83;6;6;9;6;328;1;142
2567;Oferta de niñero/a;Descripción para el puesto en el Área de analista de gestión humana.;9;4328457;4;1;1;Cargo de técnico seguridad;2023-04-28;2024-04-12;49;7;9;5;2;537;5;670
1035;Oferta de FILO-HIST;Descripción para el puesto en el Área de estadístico/a.;5;1612979;1;1;0;Cargo de comunicador organizacional;2023-02-18;2024-01-07;78;2;4;12;2;272;4;251
6753;Oferta de Médico de medicina general;Descripción para el puesto en el Área de ingeniero arquitecto.;0;6562635;3;1;1;Cargo de mecánico de equipo pesado de mineria;2023-05-03;2024-06-10;71;1;5;4;2;125;1;120
2417;Oferta de Oficinista;Descripción para el puesto en el Área de coordinador contable.;2;9465150;4;1;0;Cargo de fonoaudiólogo/a;2023-12-09;2024-07-12;10;4;7;31;15;121;6;718
6188;Oferta de informático/a;Descripción para el puesto en el Área de ingeniería INDUSTRIAL-Administración DE EMPRESAS.;5;6346879;5;1;1;Cargo de supervisor/a de campo;2023-07-05;2024-02-10;27;1;10;32;10;382;5;746
1755;Oferta de HIST;Descripción para el puesto en el Área de AUXILIAR COMPRA DE TEXTILES AL POR MAYOR.;3;2044692;3;0;1;Cargo de jefe/a de sistemas;2023-08-23;2024-10-14;36;3;8;10;3;600;6;949
2479;Oferta de Investigador;Descripción para el puesto en el Área de revisor/a fiscal.;7;4057399;1;0;0;Cargo de Ingeniero de construcción Administración de obras civiles;2023-01-20;2024-12-18;31;3;4;12;4;342;1;893
7953;Oferta de Analista de estrategia;Descripción para el puesto en el Área de coordinador/a de gestión humana.;0;1798092;4;1;0;Cargo de promotor/a de seguros;2023-12-30;2024-06-04;70;4;8;30;9;7;6;822
9126;Oferta de ASISTENTE técnico MEDIO TIEMPO;Descripción para el puesto en el Área de asesor/a en prevención de riesgos.;1;7207508;4;0;0;Cargo de desarrollador software;2023-12-18;2024-06-18;64;7;8;18;13;232;2;935
8798;Oferta de Comunicador social;Descripción para el puesto en el Área de Analista de facturación  - Sector Hidrocarburos.;6;6600667;2;0;1;Cargo de Analista de mercados;2023-01-26;2024-01-25;42;6;7;3;11;453;3;212
1841;Oferta de psicólogo/a de selección;Descripción para el puesto en el Área de Auditor contable.;2;3902964;3;1;0;Cargo de asesor/a de cartera;2023-06-09;2024-08-20;51;1;2;12;10;632;2;893
5107;Oferta de IAMB-ADMI;Descripción para el puesto en el Área de Psicóloga clínica.;4;8240813;2;0;1;Cargo de comunicación SOCIAL-ingeniería INDUSTRIAL-DISEÑO INDUSTRIAL;2023-06-23;2024-02-04;15;1;9;6;2;192;3;685
8902;Oferta de Ingeniero quimico de alimentos y bebidas;Descripción para el puesto en el Área de Administración DE EMPRESAS-ingeniería DE SISTEMAS-ingeniería INDUSTRIAL-ingeniería Química-PSICOLOGÍA.;3;9389926;1;1;1;Cargo de DIBUJANTE DE ingeniería;2023-01-27;2024-03-24;75;6;10;29;11;173;4;701
2743;Oferta de asesor/a comercial tat;Descripción para el puesto en el Área de sales support.;7;9990916;1;1;1;Cargo de  Diseñador/a web;2023-05-25;2024-03-02;44;1;7;15;8;386;1;832
3944;Oferta de analista de aseguramiento de la calidad;Descripción para el puesto en el Área de IELE-IELC-ISIS-IMEC.;8;8699077;3;1;0;Cargo de electricista automotriz;2023-03-07;2024-06-29;22;2;10;18;13;647;6;435
8114;Oferta de administrativo logistica;Descripción para el puesto en el Área de panadero/a.;2;9936563;2;1;1;Cargo de supervisor/a de almacén;2023-04-18;2024-06-14;47;1;7;18;7;520;6;589
4876;Oferta de tornero fresador;Descripción para el puesto en el Área de PSICOLOGÍA-Administración Y SERVICIO-Administración DE EMPRESAS.;1;1988801;4;0;1;Cargo de domiciliario/a;2023-09-20;2024-12-21;22;7;9;1;4;459;3;515
8198;Oferta de enfermero/a asistencial;Descripción para el puesto en el Área de Administrador de empresas.;1;4985987;1;0;0;Cargo de Dietista nutricionista;2023-12-27;2024-05-14;23;3;8;13;11;590;2;634
5096;Oferta de desarrollador Oracle;Descripción para el puesto en el Área de Analista de  crédito.;2;1318593;3;1;0;Cargo de Bienestar Laboral instituciónal;2023-02-21;2024-11-07;50;1;1;25;9;594;6;88
3206;Oferta de Promotor de ventas;Descripción para el puesto en el Área de Docente de educación BÁSICA primaria.;10;6294111;1;0;0;Cargo de  GASTRONOMÍA;2023-08-23;2024-11-08;21;4;3;32;10;553;5;700
2114;Oferta de INGENIERO ELÉCTRICO-ELECTRÓNICO-MECATRÓNICO;Descripción para el puesto en el Área de operativo/a.;6;8645250;2;0;0;Cargo de Consultor de internet de desarrollo de sitios web;2023-06-16;2024-01-28;35;1;1;23;3;587;2;359
1252;Oferta de DERECHO-comunicación CORPORATIVA-comunicación SOCIAL Y PERIODISMO-CIENCIAS politicas;Descripción para el puesto en el Área de Asesor SST.;2;8574991;1;0;0;Cargo de Auxiliares de  Droguería y Farmacia;2023-08-19;2024-08-07;33;3;6;26;3;482;6;517
5420;Oferta de Profesional;Descripción para el puesto en el Área de Bombero.;4;1074432;4;1;0;Cargo de FILO-MMPAZ-GOBI-CPOL-ANTR-GLOB;2023-04-18;2024-09-17;72;7;11;24;2;66;1;96
3326;Oferta de QA manager;Descripción para el puesto en el Área de mecánico industrial.;3;1451817;1;0;0;Cargo de DERECHO;2023-03-02;2024-07-17;45;3;9;20;12;646;3;537
4957;Oferta de desarrollador .net;Descripción para el puesto en el Área de psicólogo/a de selección.;3;8172442;1;1;1;Cargo de CPOL-GOBI;2023-05-11;2024-11-27;7;3;4;9;9;582;4;981
6621;Oferta de operativo/a;Descripción para el puesto en el Área de ADMI-IIND-ECON-GOBI.;5;8769896;1;0;1;Cargo de contador/a  público;2023-06-02;2024-07-01;19;2;8;10;5;600;1;295
8186;Oferta de Instalador de redes telecomunicaciónes;Descripción para el puesto en el Área de desarrollador .net.;9;6708736;1;1;0;Cargo de supervisor/a administrativo;2023-03-03;2024-03-16;48;6;10;2;11;459;1;939
8017;Oferta de Capataz;Descripción para el puesto en el Área de técnico/a de soporte.;7;7966089;2;0;1;Cargo de enfermero/a asistencial;2023-06-30;2024-12-12;66;2;9;22;15;532;6;636
5494;Oferta de Filosofia-CIENCIAS politicas-PSICOLOGiA-DERECHO;Descripción para el puesto en el Área de corrector/a.;1;8717224;4;0;1;Cargo de Médico internista;2023-04-09;2024-05-16;14;2;2;21;3;171;5;51
4405;Oferta de Ingeniero petrolero;Descripción para el puesto en el Área de aprendiz etapa productiva.;9;7994544;5;1;1;Cargo de ingeniería CIVIL-ingeniería INDUSTRIAL-ANTROPOLOGÍA- SOCIOLOGÍA;2023-05-03;2024-03-13;75;7;4;28;11;103;2;950
8681;Oferta de Jefe de cartera;Descripción para el puesto en el Área de desarrollador .net.;10;2110973;1;0;0;Cargo de publicista y marketing;2023-02-27;2024-11-24;53;5;3;30;1;288;4;562
9535;Oferta de contador analista;Descripción para el puesto en el Área de Auxiliar Administrativa y Comercial.;2;6884580;4;0;1;Cargo de instalador/a;2023-05-29;2024-04-21;20;7;6;24;11;3;6;144
5446;Oferta de DERECHO;Descripción para el puesto en el Área de cocinero/a.;1;7991258;3;1;1;Cargo de  auditoría de calidad;2023-05-10;2024-04-15;21;2;8;24;10;434;5;883
